Sample_ID,Sample_type,Genotype,Source,Mut_Type,Experiment,Genotype_color,Source_sample
1231-O-3day-N,organoid,CSDE1,UCLA,Somatic,bulk RNAseq,CSDE1,UCLA_Bulk_organoid
1231-O-9days-N,organoid,CSDE1,UCLA,Somatic,bulk RNAseq,CSDE1,UCLA_Bulk_organoid
1231T-PT-Dissociated,dissociated cells,CSDE1,UCLA,Somatic,bulk RNAseq,CSDE1,UCLA_Bulk_dissociated
1244T-PT_Dissociated,dissociated cells,VHL,UCLA,Germline,bulk RNAseq,VHL,UCLA_Bulk_dissociated
1251-O-LT-N,organoid,EPAS1,UCLA,Somatic,bulk RNAseq,EPAS1,UCLA_Bulk_organoid
1251-O-ST-N,organoid,EPAS1,UCLA,Somatic,bulk RNAseq,EPAS1,UCLA_Bulk_organoid
1301-O-ST-N,organoid,MAML3 fusion,UCLA,Somatic,bulk RNAseq,MAML3 fusion,UCLA_Bulk_organoid
1302-O-ST-H1%,organoid,RET,UCLA,Undetermined,bulk RNAseq,RET,UCLA_Bulk_organoid
1302-O-ST-N,organoid,RET,UCLA,Undetermined,bulk RNAseq,RET,UCLA_Bulk_organoid
1306-O-LT-N,organoid,SDHD,UCLA,Germline,bulk RNAseq,SDHD,UCLA_Bulk_organoid
1311-O-ST-H1%,organoid,SDHB,UCLA,Germline,bulk RNAseq,SDHB,UCLA_Bulk_organoid
1311-O-ST-H5%,organoid,SDHB,UCLA,Germline,bulk RNAseq,SDHB,UCLA_Bulk_organoid
1311-O-ST-N,organoid ,SDHB,UCLA,Germline,bulk RNAseq,SDHB,UCLA_Bulk_organoid
1312-O-LT-N,organoid,NF1,UCLA,Somatic,bulk RNAseq,NF1,UCLA_Bulk_organoid
1312-O-ST-H1%,organoid,NF1,UCLA,Somatic,bulk RNAseq,NF1,UCLA_Bulk_organoid
1312-O-ST-N,organoid,NF1,UCLA,Somatic,bulk RNAseq,NF1,UCLA_Bulk_organoid
1312T-PT-Dissociated,dissociated cells,NF1,UCLA,Somatic,bulk RNAseq,NF1,UCLA_Bulk_dissociated
1313-O-LT-N,organoid,Unknown,UCLA,N/A,bulk RNAseq,Unknown,UCLA_Bulk_organoid
1313-O-ST-H1%,organoid,Unknown,UCLA,N/A,bulk RNAseq,Unknown,UCLA_Bulk_organoid
1313-O-ST-N,organoid,Unknown,UCLA,N/A,bulk RNAseq,Unknown,UCLA_Bulk_organoid
1313-PT-Dissociated,dissociated cells,Unknown,UCLA,N/A,bulk RNAseq,Unknown,UCLA_Bulk_dissociated
1314-O-ST-N,organoid,SDHB,UCLA,Somatic,bulk RNAseq,SDHB,UCLA_Bulk_organoid
1322-O-LN-N,organoid,SDHB,UCLA,Germline,bulk RNAseq,SDHB,UCLA_Bulk_organoid
1322-O-ST-H1%,organoid ,SDHB,UCLA,Germline,bulk RNAseq,SDHB,UCLA_Bulk_organoid
1322-O-ST-N,organoid,SDHB,UCLA,Germline,bulk RNAseq,SDHB,UCLA_Bulk_organoid
1335-O-LT-N,organoid,Unknown,UCLA,N/A,bulk RNAseq,Unknown,UCLA_Bulk_organoid
1335-O-ST-N,organoid,Unknown,UCLA,N/A,bulk RNAseq,Unknown,UCLA_Bulk_organoid
1336-O-ST-N,organoid,Unknown,UCLA,N/A,bulk RNAseq,Unknown,UCLA_Bulk_organoid
1337-O-LT-N,organoid,Unknown,UCLA,N/A,bulk RNAseq,Unknown,UCLA_Bulk_organoid
1337-O-ST-N,organoid,Unknown,UCLA,N/A,bulk RNAseq,Unknown,UCLA_Bulk_organoid
1343-O-LT-N,organoid,Unknown,UCLA,N/A,bulk RNAseq,Unknown,UCLA_Bulk_organoid
1343-O-ST-H1%,organoid,Unknown,UCLA,N/A,bulk RNAseq,Unknown,UCLA_Bulk_organoid
1343-O-ST-N,organoid,Unknown,UCLA,N/A,bulk RNAseq,Unknown,UCLA_Bulk_organoid
1343T-PT-Dissociated,dissociated cells,Unknown,UCLA,N/A,bulk RNAseq,Unknown,UCLA_Bulk_dissociated
FP23,Frozen Tumor,TMEM127,UT,Germline,snRNA-seq,TMEM127,UT_Pseudobulk_primary
g1119T.A,Frozen Tumor,TMEM127,UT,Germline,snRNA-seq,TMEM127,UT_Pseudobulk_primary
g1182T,Frozen Tumor,RET,UT,Germline,snRNA-seq,RET,UT_Pseudobulk_primary
g1195T,Frozen Tumor,EPAS1,UT,Somatic,snRNA-seq,EPAS1,UT_Pseudobulk_primary
g1196T,Frozen Tumor,RET,UT,Germline,snRNA-seq,EPAS1,UT_Pseudobulk_primary
g1244,Frozen Tumor,VHL,UT,Germline,snRNA-seq,VHL,UT_Pseudobulk_primary
g1259T,Frozen Tumor,EPAS1,UT,Somatic,snRNA-seq,EPAS1,UT_Pseudobulk_primary
g1312.LC.N,Organoid,NF1,UT,Somatic,snRNA-seq,NF1,UT_Pseudobulk_organoid
g1312T,dissociated cells,NF1,UT,Somatic,snRNA-seq,NF1,UT_Pseudobulk_dissociated
g1312T.EC.H,Organoid,NF1,UT,Somatic,scRNA-seq,NF1,UT_Pseudobulk_organoid
g1313T,dissociated cells,Unknown,UT,N/A,snRNA-seq,Unknown,UT_Pseudobulk_dissociated
g1313T.EC.H,Organoid,Unknown,UT,N/A,scRNA-seq,Unknown,UT_Pseudobulk_organoid
g1313T.EC.N,Organoid,Unknown,UT,N/A,snRNA-seq,Unknown,UT_Pseudobulk_organoid
g1314.prim,Frozen Tumor,SDHB,UT,N/A,snRNA-seq,SDHB,UT_Pseudobulk_primary
g393.T,Frozen Tumor,TMEM127,UT,Germline,snRNA-seq,TMEM127,UT_Pseudobulk_primary
g1313T.LT.N,Organoid,Unknown,UT,N/A,scRNA-seq,Unknown,UT_Pseudobulk_organoid
g1322T.D,dissociated cells,SDHB,UT,Germline,scRNA-seq,SDHB,UT_Pseudobulk_dissociated
g1322T.EC.H,Organoid,SDHB,UT,Germline,scRNA-seq,SDHB,UT_Pseudobulk_organoid
g1322T.EC.N,Organoid,SDHB,UT,Germline,scRNA-seq,SDHB,UT_Pseudobulk_organoid
g1322T.LT.N,Organoid,SDHB,UT,Germline,scRNA-seq,SDHB,UT_Pseudobulk_organoid
g1322T.T,Frozen Tumor,SDHB,UT,Germline,snRNA-seq,SDHB,UT_Pseudobulk_primary
UT1098T,Frozen Tumor,NF1,UT,Somatic,bulk RNAseq,NF1,UT_Bulk_primary
UT1100T,Frozen Tumor,Unknown,UT,N/A,bulk RNAseq,Unknown,UT_Bulk_primary
UT1104T,Frozen Tumor,VHL,UT,Germline,bulk RNAseq,VHL,UT_Bulk_primary
UT1108T,Frozen Tumor,Unknown,UT,N/A,bulk RNAseq,Unknown,UT_Bulk_primary
UT1111T,Frozen Tumor,Unknown,UT,N/A,bulk RNAseq,Unknown,UT_Bulk_primary
UT1119T,Frozen Tumor,TMEM127,UT,Germline,bulk RNAseq,TMEM127,UT_Bulk_primary
UT1125T,Frozen Tumor,MAML3 fusion,UT,Somatic,bulk RNAseq,MAML3 fusion,UT_Bulk_primary
UT1130T,Frozen Tumor,Unknown,UT,N/A,bulk RNAseq,Unknown,UT_Bulk_primary
UT1143T,Frozen Tumor,Unknown,UT,N/A,bulk RNAseq,Unknown,UT_Bulk_primary
UT1145T,Frozen Tumor,Unknown,UT,N/A,bulk RNAseq,Unknown,UT_Bulk_primary
UT1147T,Frozen Tumor,SDHB,UT,Germline,bulk RNAseq,SDHB,UT_Bulk_primary
UT1157T,Frozen Tumor,Unknown,UT,N/A,bulk RNAseq,Unknown,UT_Bulk_primary
UT1164T,Frozen Tumor,Unknown,UT,N/A,bulk RNAseq,Unknown,UT_Bulk_primary
UT1169T,Frozen Tumor,Unknown,UT,N/A,bulk RNAseq,Unknown,UT_Bulk_primary
UT1183T,Frozen Tumor,Unknown,UT,N/A,bulk RNAseq,Unknown,UT_Bulk_primary
UT1190T,Frozen Tumor,MAML3 fusion,UT,Somatic,bulk RNAseq,MAML3 fusion,UT_Bulk_primary
UT1194T,Frozen Tumor,Unknown,UT,N/A,bulk RNAseq,Unknown,UT_Bulk_primary
UT1195T,Frozen Tumor,EPAS1,UT,Somatic,bulk RNAseq,EPAS1,UT_Bulk_primary
UT1204T,Frozen Tumor,RET-GRB2 Fusion,UT,Somatic,bulk RNAseq,RET fusion,UT_Bulk_primary
UT1212T,Frozen Tumor,Unknown,UT,N/A,bulk RNAseq,Unknown,UT_Bulk_primary
UT1219T,Frozen Tumor,Unknown,UT,N/A,bulk RNAseq,Unknown,UT_Bulk_primary
UT1226T,Frozen Tumor,RET VUS,UT,Germline,bulk RNAseq,RET,UT_Bulk_primary
UT1228T,Frozen Tumor,Unknown,UT,N/A,bulk RNAseq,Unknown,UT_Bulk_primary
UT1231T,Frozen Tumor,CSDE1,UT,Somatic,bulk RNAseq,CSDE1,UT_Bulk_primary
UT128T,Frozen Tumor,VHL,UT,Germline,bulk RNAseq,VHL,UT_Bulk_primary
UT166T,Frozen Tumor,MAML3 fusion,UT,Somatic,bulk RNAseq,MAML3 fusion,UT_Bulk_primary
UT493_6T,Frozen Tumor,VHL,UT,Germline,bulk RNAseq,VHL,UT_Bulk_primary
UT563T,Frozen Tumor,Unknown,UT,N/A,bulk RNAseq,Unknown,UT_Bulk_primary
TCGA-P7-A5NY-01A,Primary solid Tumor,RET,TCGA,Germline,bulk RNAseq,RET,TCGA_primary
TCGA-P7-A5NY-05A,Additional - New Primary,RET,TCGA,Germline,bulk RNAseq,RET,TCGA_primary
TCGA-P8-A5KC-01A,Primary solid Tumor,MAML3_fusion/ARNT,TCGA,Somatic,bulk RNAseq,MAML3 fusion,TCGA_primary
TCGA-P8-A5KD-01A,Primary solid Tumor,HRAS,TCGA,Somatic,bulk RNAseq,HRAS,TCGA_primary
TCGA-P8-A6RX-01A,Primary solid Tumor,VHL,TCGA,Germline,bulk RNAseq,VHL,TCGA_primary
TCGA-P8-A6RY-01A,Primary solid Tumor,Unknown,TCGA,N/A,bulk RNAseq,Unknown,TCGA_primary
TCGA-PR-A5PF-01A,Primary solid Tumor,MAML3_fusion,TCGA,N/A,bulk RNAseq,MAML3 fusion,TCGA_primary
TCGA-PR-A5PG-01A,Primary solid Tumor,HRAS,TCGA,Somatic,bulk RNAseq,HRAS,TCGA_primary
TCGA-PR-A5PH-01A,Primary solid Tumor,MAML3_fusion,TCGA,N/A,bulk RNAseq,MAML3 fusion,TCGA_primary
TCGA-QR-A6GO-01A,Primary solid Tumor,Unknown,TCGA,N/A,bulk RNAseq,Unknown,TCGA_primary
TCGA-QR-A6GR-01A,Primary solid Tumor,Unknown,TCGA,N/A,bulk RNAseq,Unknown,TCGA_primary
TCGA-QR-A6GS-01A,Primary solid Tumor,NF1,TCGA,Somatic,bulk RNAseq,NF1,TCGA_primary
TCGA-QR-A6GT-01A,Primary solid Tumor,ATRX/SDHB,TCGA,Germline,bulk RNAseq,SDHB,TCGA_primary
TCGA-QR-A6GU-01A,Primary solid Tumor,SDHD,TCGA,Germline,bulk RNAseq,SDHD,TCGA_primary
TCGA-QR-A6GW-01A,Primary solid Tumor,HRAS,TCGA,Somatic,bulk RNAseq,HRAS,TCGA_primary
TCGA-QR-A6GX-01A,Primary solid Tumor,SDHB,TCGA,Germline,bulk RNAseq,SDHB,TCGA_primary
TCGA-QR-A6GY-01A,Primary solid Tumor,TP53,TCGA,Somatic,bulk RNAseq,TP53,TCGA_primary
TCGA-QR-A6GZ-05A,Additional - New Primary,VHL,TCGA,Germline,bulk RNAseq,VHL,TCGA_primary
TCGA-QR-A6H0-01A,Primary solid Tumor,SDHB,TCGA,Germline,bulk RNAseq,SDHB,TCGA_primary
TCGA-QR-A6H1-01A,Primary solid Tumor,RET,TCGA,Germline,bulk RNAseq,RET,TCGA_primary
TCGA-QR-A6H2-01A,Primary solid Tumor,Unknown,TCGA,N/A,bulk RNAseq,Unknown,TCGA_primary
TCGA-QR-A6H3-01A,Primary solid Tumor,SDHB,TCGA,Germline,bulk RNAseq,SDHB,TCGA_primary
TCGA-QR-A6H5-01A,Primary solid Tumor,VHL,TCGA,Somatic,bulk RNAseq,VHL,TCGA_primary
TCGA-QR-A6H6-01A,Primary solid Tumor,SDHB,TCGA,Germline,bulk RNAseq,SDHB,TCGA_primary
TCGA-QR-A6ZZ-01A,Primary solid Tumor,VHL,TCGA,Germline,bulk RNAseq,VHL,TCGA_primary
TCGA-QR-A700-01A,Primary solid Tumor,Unknown,TCGA,N/A,bulk RNAseq,Unknown,TCGA_primary
TCGA-QR-A702-01A,Primary solid Tumor,NF1,TCGA,Somatic,bulk RNAseq,NF1,TCGA_primary
TCGA-QR-A703-01A,Primary solid Tumor,VHL,TCGA,Germline,bulk RNAseq,VHL,TCGA_primary
TCGA-QR-A705-01A,Primary solid Tumor,Unknown,TCGA,N/A,bulk RNAseq,Unknown,TCGA_primary
TCGA-QR-A706-01A,Primary solid Tumor,Unknown,TCGA,N/A,bulk RNAseq,Unknown,TCGA_primary
TCGA-QR-A707-01A,Primary solid Tumor,NF1._fusion,TCGA,N/A,bulk RNAseq,NF1 fusion,TCGA_primary
TCGA-QR-A708-01A,Primary solid Tumor,Unknown,TCGA,N/A,bulk RNAseq,Unknown,TCGA_primary
TCGA-QR-A70A-01A,Primary solid Tumor,ATRX,TCGA,Somatic,bulk RNAseq,ATRX,TCGA_primary
TCGA-QR-A70C-01A,Primary solid Tumor,Unknown,TCGA,N/A,bulk RNAseq,Unknown,TCGA_primary
TCGA-QR-A70D-01A,Primary solid Tumor,SDHB,TCGA,Germline,bulk RNAseq,SDHB,TCGA_primary
TCGA-QR-A70E-01A,Primary solid Tumor,Unknown,TCGA,N/A,bulk RNAseq,Unknown,TCGA_primary
TCGA-QR-A70G-01B,Primary solid Tumor,Unknown,TCGA,N/A,bulk RNAseq,Unknown,TCGA_primary
TCGA-QR-A70H-01A,Primary solid Tumor,MAML3_fusion,TCGA,N/A,bulk RNAseq,MAML3 fusion,TCGA_primary
TCGA-QR-A70I-01A,Primary solid Tumor,Unknown,TCGA,N/A,bulk RNAseq,Unknown,TCGA_primary
TCGA-QR-A70J-01A,Primary solid Tumor,NF1,TCGA,Germline,bulk RNAseq,NF1,TCGA_primary
TCGA-QR-A70K-01A,Primary solid Tumor,Unknown,TCGA,N/A,bulk RNAseq,Unknown,TCGA_primary
TCGA-QR-A70M-01A,Primary solid Tumor,HRAS,TCGA,Somatic,bulk RNAseq,HRAS,TCGA_primary
TCGA-QR-A70N-01A,Primary solid Tumor,VHL,TCGA,Somatic,bulk RNAseq,VHL,TCGA_primary
TCGA-QR-A70O-01A,Primary solid Tumor,Unknown,TCGA,N/A,bulk RNAseq,Unknown,TCGA_primary
TCGA-QR-A70P-01A,Primary solid Tumor,SDHB,TCGA,Germline,bulk RNAseq,SDHB,TCGA_primary
TCGA-QR-A70R-01A,Primary solid Tumor,Unknown,TCGA,N/A,bulk RNAseq,Unknown,TCGA_primary
TCGA-QR-A70T-01A,Primary solid Tumor,Unknown,TCGA,N/A,bulk RNAseq,Unknown,TCGA_primary
TCGA-QR-A70U-01A,Primary solid Tumor,FGFR1,TCGA,Somatic,bulk RNAseq,FGFR1,TCGA_primary
TCGA-QR-A70V-01A,Primary solid Tumor,NF1,TCGA,Somatic,bulk RNAseq,NF1,TCGA_primary
TCGA-QR-A70W-01A,Primary solid Tumor,HRAS,TCGA,Somatic,bulk RNAseq,HRAS,TCGA_primary
TCGA-QR-A70X-01A,Primary solid Tumor,Unknown,TCGA,N/A,bulk RNAseq,Unknown,TCGA_primary
TCGA-QR-A7IN-01A,Primary solid Tumor,EPAS1,TCGA,Somatic,bulk RNAseq,EPAS1,TCGA_primary
TCGA-QR-A7IP-01A,Primary solid Tumor,SDHB,TCGA,Germline,bulk RNAseq,SDHB,TCGA_primary
TCGA-QT-A5XJ-01A,Primary solid Tumor,Unknown,TCGA,N/A,bulk RNAseq,Unknown,TCGA_primary
TCGA-QT-A5XK-01A,Primary solid Tumor,RET,TCGA,Somatic,bulk RNAseq,RET,TCGA_primary
TCGA-QT-A5XL-01A,Primary solid Tumor,EPAS1,TCGA,Somatic,bulk RNAseq,EPAS1,TCGA_primary
TCGA-QT-A5XM-01A,Primary solid Tumor,RET,TCGA,Somatic,bulk RNAseq,RET,TCGA_primary
TCGA-QT-A5XN-01A,Primary solid Tumor,NGFR_fusion,TCGA,N/A,bulk RNAseq,NGFR fusion,TCGA_primary
TCGA-QT-A5XO-01A,Primary solid Tumor,Unknown,TCGA,N/A,bulk RNAseq,Unknown,TCGA_primary
TCGA-QT-A5XP-01A,Primary solid Tumor,Unknown,TCGA,N/A,bulk RNAseq,Unknown,TCGA_primary
TCGA-QT-A69Q-01A,Primary solid Tumor,SETD2,TCGA,Somatic,bulk RNAseq,SETD2,TCGA_primary
TCGA-QT-A7U0-01A,Primary solid Tumor,EPAS1,TCGA,Somatic,bulk RNAseq,EPAS1,TCGA_primary
TCGA-RT-A6Y9-01A,Primary solid Tumor,Unknown,TCGA,N/A,bulk RNAseq,Unknown,TCGA_primary
TCGA-RT-A6YA-01A,Primary solid Tumor,NF1,TCGA,Somatic,bulk RNAseq,NF1,TCGA_primary
TCGA-RT-A6YC-01A,Primary solid Tumor,BRAF_fusion,TCGA,N/A,bulk RNAseq,BRAF fusion,TCGA_primary
TCGA-RW-A67V-01A,Primary solid Tumor,Unknown,TCGA,N/A,bulk RNAseq,Unknown,TCGA_primary
TCGA-RW-A67W-01A,Primary solid Tumor,Unknown,TCGA,N/A,bulk RNAseq,Unknown,TCGA_primary
TCGA-RW-A67X-01A,Primary solid Tumor,VHL,TCGA,Somatic,bulk RNAseq,VHL,TCGA_primary
TCGA-RW-A67Y-01A,Primary solid Tumor,NF1,TCGA,Somatic,bulk RNAseq,NF1,TCGA_primary
TCGA-RW-A680-01A,Primary solid Tumor,ATRX/SDHB,TCGA,Germline,bulk RNAseq,SDHB,TCGA_primary
TCGA-RW-A681-01A,Primary solid Tumor,CSDE1,TCGA,Somatic,bulk RNAseq,CSDE1,TCGA_primary
TCGA-RW-A684-01A,Primary solid Tumor,FGFR1,TCGA,Somatic,bulk RNAseq,FGFR1,TCGA_primary
TCGA-RW-A685-01A,Primary solid Tumor,NF1,TCGA,Somatic,bulk RNAseq,NF1,TCGA_primary
TCGA-RW-A686-01A,Primary solid Tumor,MAML3_fusion,TCGA,N/A,bulk RNAseq,MAML3 fusion,TCGA_primary
TCGA-RW-A686-06A,Metastatic,,TCGA,N/A,bulk RNAseq,MAML3 fusion,TCGA_primary
TCGA-RW-A688-01A,Primary solid Tumor,NF1,TCGA,Somatic,bulk RNAseq,NF1,TCGA_primary
TCGA-RW-A689-01A,Primary solid Tumor,NF1,TCGA,Somatic,bulk RNAseq,NF1,TCGA_primary
TCGA-RW-A68A-01A,Primary solid Tumor,RET,TCGA,Germline,bulk RNAseq,RET,TCGA_primary
TCGA-RW-A68B-01A,Primary solid Tumor,RET,TCGA,Germline,bulk RNAseq,RET,TCGA_primary
TCGA-RW-A68C-01A,Primary solid Tumor,Unknown,TCGA,N/A,bulk RNAseq,Unknown,TCGA_primary
TCGA-RW-A68D-01A,Primary solid Tumor,EPAS1,TCGA,Somatic,bulk RNAseq,EPAS1,TCGA_primary
TCGA-RW-A68F-01A,Primary solid Tumor,SDHD,TCGA,Germline,bulk RNAseq,SDHD,TCGA_primary
TCGA-RW-A68G-01A,Primary solid Tumor,Unknown,TCGA,N/A,bulk RNAseq,Unknown,TCGA_primary
TCGA-RW-A7CZ-01A,Primary solid Tumor,SDHD,TCGA,Germline,bulk RNAseq,SDHD,TCGA_primary
TCGA-RW-A7D0-01A,Primary solid Tumor,NF1,TCGA,Somatic,bulk RNAseq,NF1,TCGA_primary
TCGA-RW-A8AZ-01A,Primary solid Tumor,MAML3_fusion/ATRX,TCGA,Somatic,bulk RNAseq,MAML3 fusion,TCGA_primary
TCGA-RX-A8JQ-01A,Primary solid Tumor,BRAF,TCGA,Somatic,bulk RNAseq,BRAF,TCGA_primary
TCGA-S7-A7WL-01A,Primary solid Tumor,NF1,TCGA,Somatic,bulk RNAseq,NF1,TCGA_primary
TCGA-S7-A7WM-01A,Primary solid Tumor,NF1,TCGA,Somatic,bulk RNAseq,NF1,TCGA_primary
TCGA-S7-A7WN-01A,Primary solid Tumor,HRAS,TCGA,Somatic,bulk RNAseq,HRAS,TCGA_primary
TCGA-S7-A7WO-01A,Primary solid Tumor,Unknown,TCGA,N/A,bulk RNAseq,Unknown,TCGA_primary
TCGA-S7-A7WP-01A,Primary solid Tumor,Unknown,TCGA,N/A,bulk RNAseq,Unknown,TCGA_primary
TCGA-S7-A7WQ-01A,Primary solid Tumor,VHL,TCGA,Germline,bulk RNAseq,VHL,TCGA_primary
TCGA-S7-A7WR-01A,Primary solid Tumor,HRAS,TCGA,Somatic,bulk RNAseq,HRAS,TCGA_primary
TCGA-S7-A7WT-01A,Primary solid Tumor,CSDE1,TCGA,Somatic,bulk RNAseq,CSDE1,TCGA_primary
TCGA-S7-A7WU-01A,Primary solid Tumor,Unknown,TCGA,N/A,bulk RNAseq,Unknown,TCGA_primary
TCGA-S7-A7WV-01A,Primary solid Tumor,MAX,TCGA,Germline,bulk RNAseq,MAX,TCGA_primary
TCGA-S7-A7WW-01A,Primary solid Tumor,Unknown,TCGA,N/A,bulk RNAseq,Unknown,TCGA_primary
TCGA-S7-A7WX-01A,Primary solid Tumor,NF1,TCGA,Germline,bulk RNAseq,NF1,TCGA_primary
TCGA-S7-A7X0-01A,Primary solid Tumor,EPAS1,TCGA,Somatic,bulk RNAseq,EPAS1,TCGA_primary
TCGA-S7-A7X1-01A,Primary solid Tumor,VHL,TCGA,Germline,bulk RNAseq,VHL,TCGA_primary
TCGA-S7-A7X2-01A,Primary solid Tumor,Unknown,TCGA,N/A,bulk RNAseq,Unknown,TCGA_primary
TCGA-SA-A6C2-01A,Primary solid Tumor,Unknown,TCGA,N/A,bulk RNAseq,Unknown,TCGA_primary
TCGA-SP-A6QC-01A,Primary solid Tumor,TMEM127,TCGA,Germline,bulk RNAseq,TMEM127,TCGA_primary
TCGA-SP-A6QD-01A,Primary solid Tumor,Unknown,TCGA,N/A,bulk RNAseq,Unknown,TCGA_primary
TCGA-SP-A6QF-01A,Primary solid Tumor,HRAS,TCGA,Somatic,bulk RNAseq,HRAS,TCGA_primary
TCGA-SP-A6QG-01A,Primary solid Tumor,SDHB,TCGA,Germline,bulk RNAseq,SDHB,TCGA_primary
TCGA-SP-A6QH-01A,Primary solid Tumor,Unknown,TCGA,N/A,bulk RNAseq,Unknown,TCGA_primary
TCGA-SP-A6QI-01A,Primary solid Tumor,Unknown,TCGA,N/A,bulk RNAseq,Unknown,TCGA_primary
TCGA-SP-A6QJ-01A,Primary solid Tumor,HRAS/ARNT,TCGA,Somatic,bulk RNAseq,HRAS,TCGA_primary
TCGA-SP-A6QK-01A,Primary solid Tumor,RET,TCGA,Somatic,bulk RNAseq,RET,TCGA_primary
TCGA-SQ-A6I4-01A,Primary solid Tumor,RET,TCGA,Germline,bulk RNAseq,RET,TCGA_primary
TCGA-SQ-A6I6-01A,Primary solid Tumor,NF1,TCGA,Somatic,bulk RNAseq,NF1,TCGA_primary
TCGA-SR-A6MP-01A,Primary solid Tumor,NF1,TCGA,Germline,bulk RNAseq,NF1,TCGA_primary
TCGA-SR-A6MQ-01A,Primary solid Tumor,HRAS,TCGA,Somatic,bulk RNAseq,HRAS,TCGA_primary
TCGA-SR-A6MR-01A,Primary solid Tumor,Unknown,TCGA,N/A,bulk RNAseq,Unknown,TCGA_primary
TCGA-SR-A6MS-01A,Primary solid Tumor,Unknown,TCGA,N/A,bulk RNAseq,Unknown,TCGA_primary
TCGA-SR-A6MT-01A,Primary solid Tumor,Unknown,TCGA,N/A,bulk RNAseq,Unknown,TCGA_primary
TCGA-SR-A6MU-01A,Primary solid Tumor,Unknown,TCGA,N/A,bulk RNAseq,Unknown,TCGA_primary
TCGA-SR-A6MV-01A,Primary solid Tumor,EPAS1,TCGA,Somatic,bulk RNAseq,EPAS1,TCGA_primary
TCGA-SR-A6MX-01A,Primary solid Tumor,ATRX/SETD2/SDHB,TCGA,Germline,bulk RNAseq,SDHB,TCGA_primary
TCGA-SR-A6MX-05A,Additional - New Primary,ATRX/SDHB,TCGA,Somatic,bulk RNAseq,SDHB,TCGA_primary
TCGA-SR-A6MX-06A,Metastatic,ATRX/SETD2,TCGA,Germline,bulk RNAseq,SETD2,TCGA_primary
TCGA-SR-A6MY-01A,Primary solid Tumor,HRAS,TCGA,Somatic,bulk RNAseq,HRAS,TCGA_primary
TCGA-SR-A6MZ-01A,Primary solid Tumor,RET,TCGA,Germline,bulk RNAseq,RET,TCGA_primary
TCGA-SR-A6N0-01A,Primary solid Tumor,Unknown,TCGA,N/A,bulk RNAseq,Unknown,TCGA_primary
TCGA-TT-A6YJ-01A,Primary solid Tumor,NF1,TCGA,Somatic,bulk RNAseq,NF1,TCGA_primary
TCGA-TT-A6YK-01A,Primary solid Tumor,EGLN1,TCGA,Germline,bulk RNAseq,EGLN1,TCGA_primary
TCGA-TT-A6YN-01A,Primary solid Tumor,Unknown,TCGA,N/A,bulk RNAseq,Unknown,TCGA_primary
TCGA-TT-A6YO-01A,Primary solid Tumor,Unknown,TCGA,N/A,bulk RNAseq,Unknown,TCGA_primary
TCGA-TT-A6YP-01A,Primary solid Tumor,VHL,TCGA,Germline,bulk RNAseq,VHL,TCGA_primary
TCGA-W2-A7H5-01B,Primary solid Tumor,RET,TCGA,Germline,bulk RNAseq,RET,TCGA_primary
TCGA-W2-A7H7-01A,Primary solid Tumor,Unknown,TCGA,N/A,bulk RNAseq,Unknown,TCGA_primary
TCGA-W2-A7HA-01B,Primary solid Tumor,RET,TCGA,Somatic,bulk RNAseq,RET,TCGA_primary
TCGA-W2-A7HB-01A,Primary solid Tumor,RET,TCGA,Germline,bulk RNAseq,RET,TCGA_primary
TCGA-W2-A7HC-01A,Primary solid Tumor,HRAS,TCGA,Somatic,bulk RNAseq,HRAS,TCGA_primary
TCGA-W2-A7HD-01A,Primary solid Tumor,HRAS,TCGA,Somatic,bulk RNAseq,HRAS,TCGA_primary
TCGA-W2-A7HE-01A,Primary solid Tumor,RET,TCGA,Germline,bulk RNAseq,RET,TCGA_primary
TCGA-W2-A7HF-01A,Primary solid Tumor,RET,TCGA,Germline,bulk RNAseq,RET,TCGA_primary
TCGA-W2-A7HH-01A,Primary solid Tumor,IDH1,TCGA,Somatic,bulk RNAseq,IDH1,TCGA_primary
TCGA-W2-A7UY-01A,Primary solid Tumor,NF1,TCGA,Germline,bulk RNAseq,NF1,TCGA_primary
TCGA-WB-A80K-01A,Primary solid Tumor,MAML3_fusion,TCGA,N/A,bulk RNAseq,MAML3 fusion,TCGA_primary
TCGA-WB-A80L-01A,Primary solid Tumor,Unknown,TCGA,N/A,bulk RNAseq,Unknown,TCGA_primary
TCGA-WB-A80M-01A,Primary solid Tumor,CSDE1,TCGA,Somatic,bulk RNAseq,CSDE1,TCGA_primary
TCGA-WB-A80N-01A,Primary solid Tumor,HRAS,TCGA,Somatic,bulk RNAseq,HRAS,TCGA_primary
TCGA-WB-A80O-01A,Primary solid Tumor,HRAS,TCGA,Somatic,bulk RNAseq,HRAS,TCGA_primary
TCGA-WB-A80P-01A,Primary solid Tumor,SDHB,TCGA,Germline,bulk RNAseq,SDHB,TCGA_primary
TCGA-WB-A80Q-01A,Primary solid Tumor,,TCGA,N/A,bulk RNAseq,MAML3 fusion,TCGA_primary
TCGA-WB-A80V-01A,Primary solid Tumor,RET,TCGA,Somatic,bulk RNAseq,RET,TCGA_primary
TCGA-WB-A80Y-01A,Primary solid Tumor,MAML3_fusion,TCGA,N/A,bulk RNAseq,MAML3 fusion,TCGA_primary
TCGA-WB-A814-01A,Primary solid Tumor,EPAS1,TCGA,Somatic,bulk RNAseq,EPAS1,TCGA_primary
TCGA-WB-A815-01A,Primary solid Tumor,Unknown,TCGA,N/A,bulk RNAseq,Unknown,TCGA_primary
TCGA-WB-A816-01A,Primary solid Tumor,Unknown,TCGA,N/A,bulk RNAseq,Unknown,TCGA_primary
TCGA-WB-A817-01A,Primary solid Tumor,MAX,TCGA,Germline,bulk RNAseq,MAX,TCGA_primary
TCGA-WB-A818-01A,Primary solid Tumor,NF1,TCGA,Somatic,bulk RNAseq,NF1,TCGA_primary
TCGA-WB-A819-01A,Primary solid Tumor,RET,TCGA,Somatic,bulk RNAseq,RET,TCGA_primary
TCGA-WB-A81A-01A,Primary solid Tumor,Unknown,TCGA,N/A,bulk RNAseq,Unknown,TCGA_primary
TCGA-WB-A81D-01A,Primary solid Tumor,Unknown,TCGA,N/A,bulk RNAseq,Unknown,TCGA_primary
TCGA-WB-A81E-01A,Primary solid Tumor,SDHB,TCGA,Germline,bulk RNAseq,SDHB,TCGA_primary
TCGA-WB-A81F-01A,Primary solid Tumor,Unknown,TCGA,N/A,bulk RNAseq,Unknown,TCGA_primary
TCGA-WB-A81G-01A,Primary solid Tumor,SDHB,TCGA,Germline,bulk RNAseq,SDHB,TCGA_primary
TCGA-WB-A81H-01A,Primary solid Tumor,Unknown,TCGA,N/A,bulk RNAseq,Unknown,TCGA_primary
TCGA-WB-A81I-01A,Primary solid Tumor,Unknown,TCGA,N/A,bulk RNAseq,Unknown,TCGA_primary
TCGA-WB-A81J-01A,Primary solid Tumor,Unknown,TCGA,N/A,bulk RNAseq,Unknown,TCGA_primary
TCGA-WB-A81K-01A,Primary solid Tumor,Unknown,TCGA,N/A,bulk RNAseq,Unknown,TCGA_primary
TCGA-WB-A81M-01A,Primary solid Tumor,CSDE1,TCGA,Somatic,bulk RNAseq,CSDE1,TCGA_primary
TCGA-WB-A81N-01A,Primary solid Tumor,NF1,TCGA,Germline,bulk RNAseq,NF1,TCGA_primary
TCGA-WB-A81P-01A,Primary solid Tumor,NF1,TCGA,Somatic,bulk RNAseq,NF1,TCGA_primary
TCGA-WB-A81Q-01A,Primary solid Tumor,SETD2,TCGA,Somatic,bulk RNAseq,SETD2,TCGA_primary
TCGA-WB-A81R-01A,Primary solid Tumor,HRAS,TCGA,Somatic,bulk RNAseq,HRAS,TCGA_primary
TCGA-WB-A81S-01A,Primary solid Tumor,NF1,TCGA,Germline,bulk RNAseq,NF1,TCGA_primary
TCGA-WB-A81T-01A,Primary solid Tumor,HRAS,TCGA,Somatic,bulk RNAseq,HRAS,TCGA_primary
TCGA-WB-A81V-01A,Primary solid Tumor,NF1,TCGA,Somatic,bulk RNAseq,NF1,TCGA_primary
TCGA-WB-A81W-01A,Primary solid Tumor,Unknown,TCGA,N/A,bulk RNAseq,Unknown,TCGA_primary
TCGA-WB-A821-01A,Primary solid Tumor,EPAS1,TCGA,Somatic,bulk RNAseq,EPAS1,TCGA_primary
TCGA-WB-A822-01A,Primary solid Tumor,SDHB,TCGA,Germline,bulk RNAseq,SDHB,TCGA_primary
TCGA-XG-A823-01A,Primary solid Tumor,Unknown,TCGA,N/A,bulk RNAseq,Unknown,TCGA_primary
TCGA-P7-A5NX-01A,Primary solid Tumor,Unknown,TCGA,N/A,bulk RNAseq,Unknown,TCGA_primary
TCGA-QR-A6H4-01A,Primary solid Tumor,Unknown,TCGA,N/A,bulk RNAseq,Unknown,TCGA_primary
TCGA-QR-A70Q-01A,Primary solid Tumor,Unknown,TCGA,N/A,bulk RNAseq,Unknown,TCGA_primary
TCGA-RM-A68T-01A,Primary solid Tumor,Unknown,TCGA,N/A,bulk RNAseq,Unknown,TCGA_primary
TCGA-RM-A68W-01A,Primary solid Tumor,Unknown,TCGA,N/A,bulk RNAseq,Unknown,TCGA_primary
TCGA-WB-A820-01A,Primary solid Tumor,Unknown,TCGA,N/A,bulk RNAseq,Unknown,TCGA_primary
